# SHA256哈希值,文件路径
00b26ac825e2095056396e0553b8ac26d3f8ad158c3826e28b4c45b385c4714a,/Users/zuimeidedeyihan/CreativeArchive/_待分类/KaTeX_SansSerif-Italic-00b26ac8.woff2
00b26ac825e2095056396e0553b8ac26d3f8ad158c3826e28b4c45b385c4714a,/Users/zuimeidedeyihan/CreativeArchive/_待分类/KaTeX_SansSerif-Italic.woff2
018ef7c81bcca9e40a4a02ed236e7cabb3a630f2b1ea01fbdeed2f882c15ddc8,/Users/zuimeidedeyihan/CreativeArchive/代码脚本/20260313_195316_format.json
018ef7c81bcca9e40a4a02ed236e7cabb3a630f2b1ea01fbdeed2f882c15ddc8,/Users/zuimeidedeyihan/CreativeArchive/代码脚本/format.json
036d4e95149b69ff9bcc0cd55771efeb25ffa3947293e69acd78d5ac328c684b,/Users/zuimeidedeyihan/CreativeArchive/_待分类/KaTeX_Script-Regular-036d4e95.woff2
036d4e95149b69ff9bcc0cd55771efeb25ffa3947293e69acd78d5ac328c684b,/Users/zuimeidedeyihan/CreativeArchive/_待分类/KaTeX_Script-Regular.woff2
0483a6c120d6990b2b6af5444e9cbb96335c03ddfdd16a2522e7c91146cdecf1,/Users/zuimeidedeyihan/CreativeArchive/图像设计/git-clone.svg
0483a6c120d6990b2b6af5444e9cbb96335c03ddfdd16a2522e7c91146cdecf1,/Users/zuimeidedeyihan/CreativeArchive/图像设计/20260313_195257_git-clone.svg
0a2f6157c080579734ccfc9894ab4bdb5b1043feb8fff3c38c82fb34ba2e5ea2,/Users/zuimeidedeyihan/CreativeArchive/图像设计/20260313_195333_posters.png
0a2f6157c080579734ccfc9894ab4bdb5b1043feb8fff3c38c82fb34ba2e5ea2,/Users/zuimeidedeyihan/CreativeArchive/图像设计/posters.png
0cdd387c9590a1a9f9794560022dbb59654a7d86f187aa0c81495ad42d3a7308,/Users/zuimeidedeyihan/CreativeArchive/_待分类/KaTeX_AMS-Regular.woff2
0cdd387c9590a1a9f9794560022dbb59654a7d86f187aa0c81495ad42d3a7308,/Users/zuimeidedeyihan/CreativeArchive/_待分类/KaTeX_AMS-Regular-0cdd387c.woff2
0f60d1b897938ec918c8ce073092411baf9438f6739465693ff18b0f9d20b021,/Users/zuimeidedeyihan/CreativeArchive/_待分类/KaTeX_Main-Bold.woff2
0f60d1b897938ec918c8ce073092411baf9438f6739465693ff18b0f9d20b021,/Users/zuimeidedeyihan/CreativeArchive/_待分类/KaTeX_Main-Bold-0f60d1b8.woff2
1574cfc6e8eae48b4ace082086f210e790849788e38f0787095f3c2b2aba1755,/Users/zuimeidedeyihan/CreativeArchive/代码脚本/20260313_195313_native.js
1574cfc6e8eae48b4ace082086f210e790849788e38f0787095f3c2b2aba1755,/Users/zuimeidedeyihan/CreativeArchive/代码脚本/native-browser.js
1e31131b1ed21f98c007f04deb501343b8c4dd77f1c5a8494a9c2085f68d769d,/Users/zuimeidedeyihan/CreativeArchive/代码脚本/20260313_195316_format-annotation.json
1e31131b1ed21f98c007f04deb501343b8c4dd77f1c5a8494a9c2085f68d769d,/Users/zuimeidedeyihan/CreativeArchive/代码脚本/format-annotation.json
21a4e167b7ae498e8f3778bac8d7330929099006afca6adfe76b626e0e41d795,/Users/zuimeidedeyihan/CreativeArchive/代码脚本/md5-browser.js
21a4e167b7ae498e8f3778bac8d7330929099006afca6adfe76b626e0e41d795,/Users/zuimeidedeyihan/CreativeArchive/代码脚本/20260313_195313_md5.js
2233a17368f4ffdc92f9b6c74b450b7c84e355eae0f90693385887136d1d8c55,/Users/zuimeidedeyihan/CreativeArchive/代码脚本/askpass-empty.sh
2233a17368f4ffdc92f9b6c74b450b7c84e355eae0f90693385887136d1d8c55,/Users/zuimeidedeyihan/CreativeArchive/代码脚本/ssh-askpass-empty.sh
226643b6b6c6d830b140f41cc02ae7a60ece450645a5d9869f6d93508957936a,/Users/zuimeidedeyihan/CreativeArchive/图像设计/20260313_195257_open-folder.svg
226643b6b6c6d830b140f41cc02ae7a60ece450645a5d9869f6d93508957936a,/Users/zuimeidedeyihan/CreativeArchive/图像设计/open-folder.svg
24bc176066d5633d4740b9953d09ab46120d2d894c848cd9704d051126f83aa1,/Users/zuimeidedeyihan/CreativeArchive/图像设计/20260313_195325_status-untracked.svg
24bc176066d5633d4740b9953d09ab46120d2d894c848cd9704d051126f83aa1,/Users/zuimeidedeyihan/CreativeArchive/图像设计/20260313_195336_status-untracked.svg
270523d2bdb04846c496dfb4adb4f0dd5f322908ababc6176c4b5edab3895906,/Users/zuimeidedeyihan/CreativeArchive/代码脚本/extension.nls.metadata.json
270523d2bdb04846c496dfb4adb4f0dd5f322908ababc6176c4b5edab3895906,/Users/zuimeidedeyihan/CreativeArchive/代码脚本/20260313_195327_extension.nls.metadata.json
28de37aa185a3dd51570701b248828aa05c6cd44aa599613301190d616f2a34d,/Users/zuimeidedeyihan/CreativeArchive/图像设计/20260313_195333_activeBarLogo-external.png
28de37aa185a3dd51570701b248828aa05c6cd44aa599613301190d616f2a34d,/Users/zuimeidedeyihan/CreativeArchive/图像设计/20260313_195333_logo_opaque.png
29007de76986c1fc927cdc8b66e7bb2a4c9a9f6030e2d38252fe8e36ba4b512b,/Users/zuimeidedeyihan/CreativeArchive/代码脚本/strace_script_https.sh
29007de76986c1fc927cdc8b66e7bb2a4c9a9f6030e2d38252fe8e36ba4b512b,/Users/zuimeidedeyihan/CreativeArchive/代码脚本/20260313_195325_strace_script_https.sh
29250275410ea7ddb25e5e51d868f637278fd6db6ceb24525474b7b79c71413c,/Users/zuimeidedeyihan/CreativeArchive/图像设计/preview-dark.svg
29250275410ea7ddb25e5e51d868f637278fd6db6ceb24525474b7b79c71413c,/Users/zuimeidedeyihan/CreativeArchive/图像设计/20260313_195326_preview-dark.svg
29525a45557f165aef1949f33ce75e2e95e86e57ee98f94abec801422ac3184b,/Users/zuimeidedeyihan/CreativeArchive/图像设计/open-folder-active.svg
29525a45557f165aef1949f33ce75e2e95e86e57ee98f94abec801422ac3184b,/Users/zuimeidedeyihan/CreativeArchive/图像设计/20260313_195257_open-folder-active.svg
2e69a54d05ef1342b6fe0a2b7fcdb446179db34ea38aa02c17ae0e1f211a55e4,/Users/zuimeidedeyihan/CreativeArchive/代码脚本/version.js
2e69a54d05ef1342b6fe0a2b7fcdb446179db34ea38aa02c17ae0e1f211a55e4,/Users/zuimeidedeyihan/CreativeArchive/代码脚本/20260313_195313_version.js
32982388b377b06298f59db97c98077f06e6b4f29fe284d427195a358a72f19e,/Users/zuimeidedeyihan/CreativeArchive/代码脚本/sha1-browser.js
32982388b377b06298f59db97c98077f06e6b4f29fe284d427195a358a72f19e,/Users/zuimeidedeyihan/CreativeArchive/代码脚本/20260313_195313_sha1.js
394674e16182de579db446d276c08550819723b9a055521a54145759cc402b97,/Users/zuimeidedeyihan/CreativeArchive/图像设计/status-ignored.svg
394674e16182de579db446d276c08550819723b9a055521a54145759cc402b97,/Users/zuimeidedeyihan/CreativeArchive/图像设计/20260313_195336_status-ignored.svg
3c665e3644e29b48375e7f503692f3fa13a9ebbd75154d2be3526da6ffbcd83b,/Users/zuimeidedeyihan/CreativeArchive/图像设计/new-project-active.svg
3c665e3644e29b48375e7f503692f3fa13a9ebbd75154d2be3526da6ffbcd83b,/Users/zuimeidedeyihan/CreativeArchive/图像设计/20260313_195257_new-project-active.svg
3cae7069843679429e4ada7df261bb8961fa34cac15be89296026e69af312092,/Users/zuimeidedeyihan/CreativeArchive/代码脚本/20260313_195315_validation.json
3cae7069843679429e4ada7df261bb8961fa34cac15be89296026e69af312092,/Users/zuimeidedeyihan/CreativeArchive/代码脚本/20260313_195316_validation.json
415c580e56278e2cfdf9a14349b09641e8ff04bd407eb6e40f30c7ea7debe2bd,/Users/zuimeidedeyihan/CreativeArchive/_待分类/floating-ui.dom.mjs
415c580e56278e2cfdf9a14349b09641e8ff04bd407eb6e40f30c7ea7debe2bd,/Users/zuimeidedeyihan/CreativeArchive/代码脚本/floating-ui.dom.esm.js
4945c83cce7cdac6bc2024d988a539259f411fdef8825905ad1018c0d1e528ef,/Users/zuimeidedeyihan/CreativeArchive/_待分类/floating-ui.utils.mjs
4945c83cce7cdac6bc2024d988a539259f411fdef8825905ad1018c0d1e528ef,/Users/zuimeidedeyihan/CreativeArchive/代码脚本/floating-ui.utils.esm.js
4e0f06e51bf0abb18bc2ef780cec71c15eaa5d9a2238a1449b4f19b67bfbc4dd,/Users/zuimeidedeyihan/CreativeArchive/代码脚本/rng-browser.js
4e0f06e51bf0abb18bc2ef780cec71c15eaa5d9a2238a1449b4f19b67bfbc4dd,/Users/zuimeidedeyihan/CreativeArchive/代码脚本/20260313_195313_rng.js
51814d270d06ff0255dba0799994fa4d8c84d11f09951d47595f4abb1f3602dc,/Users/zuimeidedeyihan/CreativeArchive/_待分类/KaTeX_Fraktur-Regular-51814d27.woff2
51814d270d06ff0255dba0799994fa4d8c84d11f09951d47595f4abb1f3602dc,/Users/zuimeidedeyihan/CreativeArchive/_待分类/KaTeX_Fraktur-Regular.woff2
5333c7df76bceee098e865881d0808238dea836126c6c60b49299ec85c6c7a56,/Users/zuimeidedeyihan/CreativeArchive/代码脚本/20260313_195315_schema.json
5333c7df76bceee098e865881d0808238dea836126c6c60b49299ec85c6c7a56,/Users/zuimeidedeyihan/CreativeArchive/代码脚本/20260313_195316_schema.json
5a926f15d47257e382ac5e82aedc2f41a009ce6a74735b8cb8b554fab45435bc,/Users/zuimeidedeyihan/CreativeArchive/代码脚本/20260313_195300_tsconfig.json
5a926f15d47257e382ac5e82aedc2f41a009ce6a74735b8cb8b554fab45435bc,/Users/zuimeidedeyihan/CreativeArchive/代码脚本/20260313_195310_tsconfig.json
5a926f15d47257e382ac5e82aedc2f41a009ce6a74735b8cb8b554fab45435bc,/Users/zuimeidedeyihan/CreativeArchive/代码脚本/20260313_195302_tsconfig.json
5a926f15d47257e382ac5e82aedc2f41a009ce6a74735b8cb8b554fab45435bc,/Users/zuimeidedeyihan/CreativeArchive/代码脚本/tsconfig.json
5c15db361b74f2f3fcbc4bbf0c6c62f781d491493a8be312f3147edfb0bb4fdc,/Users/zuimeidedeyihan/CreativeArchive/文字创作/LICENSE.md
5c15db361b74f2f3fcbc4bbf0c6c62f781d491493a8be312f3147edfb0bb4fdc,/Users/zuimeidedeyihan/CreativeArchive/文字创作/20260313_195310_LICENSE.md
5c15db361b74f2f3fcbc4bbf0c6c62f781d491493a8be312f3147edfb0bb4fdc,/Users/zuimeidedeyihan/CreativeArchive/文字创作/20260313_195302_LICENSE.md
5d53e70ad607c2352162dec9e0923fb54ecdafaccbf604cd8dcf7d00facb989b,/Users/zuimeidedeyihan/CreativeArchive/_待分类/KaTeX_Caligraphic-Regular-5d53e70a.woff2
5d53e70ad607c2352162dec9e0923fb54ecdafaccbf604cd8dcf7d00facb989b,/Users/zuimeidedeyihan/CreativeArchive/_待分类/KaTeX_Caligraphic-Regular.woff2
60055e4f9c81846b4ba60078f7590a5f987d24243abffacd0539e0157c970a07,/Users/zuimeidedeyihan/CreativeArchive/代码脚本/classDiagram-v2-COTLJTTW-94d856ab.js
60055e4f9c81846b4ba60078f7590a5f987d24243abffacd0539e0157c970a07,/Users/zuimeidedeyihan/CreativeArchive/代码脚本/classDiagram-GIVACNV2-94d856ab.js
63f665bf3b266c12e6eb0c3c0636cc548251b4fdb76125999f2257f5a57dd475,/Users/zuimeidedeyihan/CreativeArchive/图像设计/20260313_195319_loading.svg
63f665bf3b266c12e6eb0c3c0636cc548251b4fdb76125999f2257f5a57dd475,/Users/zuimeidedeyihan/CreativeArchive/图像设计/20260313_195257_loading.svg
67016a68696de2b68dc0d1fd2ea4d19c4b7d603b001976210bd035cb6ae84f3a,/Users/zuimeidedeyihan/CreativeArchive/_reports/dup_list_20260304_133407.csv
67016a68696de2b68dc0d1fd2ea4d19c4b7d603b001976210bd035cb6ae84f3a,/Users/zuimeidedeyihan/CreativeArchive/_reports/dup_list_20260304_121843.csv
68e8c73ef42afd3ccec58bf0fba302cce448938e7fc020a5e31f8a952eee1342,/Users/zuimeidedeyihan/CreativeArchive/_待分类/KaTeX_SansSerif-Regular-68e8c73e.woff2
68e8c73ef42afd3ccec58bf0fba302cce448938e7fc020a5e31f8a952eee1342,/Users/zuimeidedeyihan/CreativeArchive/_待分类/KaTeX_SansSerif-Regular.woff2
69a10f726d26f8d804a3deaeac89f0106ddfa03d576d13971002fffc8f0e8a56,/Users/zuimeidedeyihan/CreativeArchive/代码脚本/yallist.js
69a10f726d26f8d804a3deaeac89f0106ddfa03d576d13971002fffc8f0e8a56,/Users/zuimeidedeyihan/CreativeArchive/代码脚本/20260313_195310_yallist.js
69a10f726d26f8d804a3deaeac89f0106ddfa03d576d13971002fffc8f0e8a56,/Users/zuimeidedeyihan/CreativeArchive/代码脚本/20260313_195309_yallist.js
69a10f726d26f8d804a3deaeac89f0106ddfa03d576d13971002fffc8f0e8a56,/Users/zuimeidedeyihan/CreativeArchive/代码脚本/20260313_195313_yallist.js
6b47c40166b6dbe21a5dfca7718413f2147fd2399be1ba605d8ad39cedf25dfe,/Users/zuimeidedeyihan/CreativeArchive/_待分类/KaTeX_Size1-Regular-6b47c401.woff2
6b47c40166b6dbe21a5dfca7718413f2147fd2399be1ba605d8ad39cedf25dfe,/Users/zuimeidedeyihan/CreativeArchive/_待分类/KaTeX_Size1-Regular.woff2
71d517d67827787cfabdf186914cc3358eda539e37931941f2b2fd4a21f68c0b,/Users/zuimeidedeyihan/CreativeArchive/_待分类/KaTeX_Typewriter-Regular.woff2
71d517d67827787cfabdf186914cc3358eda539e37931941f2b2fd4a21f68c0b,/Users/zuimeidedeyihan/CreativeArchive/_待分类/KaTeX_Typewriter-Regular-71d517d6.woff2
74444efd593c005e3f4573b44524704c0af0a937fe911cca9e94068d0d140d3f,/Users/zuimeidedeyihan/CreativeArchive/_待分类/KaTeX_Fraktur-Bold-74444efd.woff2
74444efd593c005e3f4573b44524704c0af0a937fe911cca9e94068d0d140d3f,/Users/zuimeidedeyihan/CreativeArchive/_待分类/KaTeX_Fraktur-Bold.woff2
777f45ad0a5cf94637ae0790674a769433d0ad94c2989fda668631a40e40856c,/Users/zuimeidedeyihan/CreativeArchive/文字创作/三生三世灯.md
777f45ad0a5cf94637ae0790674a769433d0ad94c2989fda668631a40e40856c,/Users/zuimeidedeyihan/CreativeArchive/文字创作/longhun_enterprise_light_tech.md
7a7cc50b249b0ea200bd1515e1e3ef7cb7770e52f705f1a0dcc129561d75f4f3,/Users/zuimeidedeyihan/CreativeArchive/图像设计/20260313_195333_logo.svg
7a7cc50b249b0ea200bd1515e1e3ef7cb7770e52f705f1a0dcc129561d75f4f3,/Users/zuimeidedeyihan/CreativeArchive/图像设计/login.svg
7af58c5ec8f132a2ddde9027c6d7814decce4d3b822a11192a42a20e2e973264,/Users/zuimeidedeyihan/CreativeArchive/_待分类/KaTeX_Math-Italic.woff2
7af58c5ec8f132a2ddde9027c6d7814decce4d3b822a11192a42a20e2e973264,/Users/zuimeidedeyihan/CreativeArchive/_待分类/KaTeX_Math-Italic-7af58c5e.woff2
7e143a998831eb812e872790c841bb5ab394d5ce84e56e91caf8ae55ebca4b35,/Users/zuimeidedeyihan/CreativeArchive/图像设计/20260313_195325_node.svg
7e143a998831eb812e872790c841bb5ab394d5ce84e56e91caf8ae55ebca4b35,/Users/zuimeidedeyihan/CreativeArchive/图像设计/node.svg
7ede86f2c48d646202bf1332aefaf46db268c943d59752727db7247dc2920516,/Users/zuimeidedeyihan/CreativeArchive/代码脚本/20260313_195316_content.json
7ede86f2c48d646202bf1332aefaf46db268c943d59752727db7247dc2920516,/Users/zuimeidedeyihan/CreativeArchive/代码脚本/20260313_195315_content.json
81ed58e26769508df9a2f761dad55b52c6c9de62fff06195b2702fcb7a97e883,/Users/zuimeidedeyihan/CreativeArchive/文字创作/20260313_195311_SECURITY.md
81ed58e26769508df9a2f761dad55b52c6c9de62fff06195b2702fcb7a97e883,/Users/zuimeidedeyihan/CreativeArchive/文字创作/20260313_195301_SECURITY.md
86f6dc1a1556a9eddad07231c2a4f13e0ad4b6ff964a04d06866f07e36067002,/Users/zuimeidedeyihan/CreativeArchive/代码脚本/20260313_195313_v1.js
86f6dc1a1556a9eddad07231c2a4f13e0ad4b6ff964a04d06866f07e36067002,/Users/zuimeidedeyihan/CreativeArchive/代码脚本/v1.js
88bcc36599f5bdece882b371e591d71f081bbc58bd5985cf87ba7be70ac3721b,/Users/zuimeidedeyihan/CreativeArchive/图像设计/welcome-background.png
88bcc36599f5bdece882b371e591d71f081bbc58bd5985cf87ba7be70ac3721b,/Users/zuimeidedeyihan/CreativeArchive/图像设计/import-background.png
89d0235e612291fe179364ca045e0041f190dd3721c16b37bf0f48b65e210ad6,/Users/zuimeidedeyihan/CreativeArchive/图像设计/20260313_195257_new-project.svg
89d0235e612291fe179364ca045e0041f190dd3721c16b37bf0f48b65e210ad6,/Users/zuimeidedeyihan/CreativeArchive/图像设计/new-project.svg
8bee9b8b4950fc12c774313db7e200880099dc9784f35e936149d2a9ad57d860,/Users/zuimeidedeyihan/CreativeArchive/图像设计/20260313_195257_background-dark.png
8bee9b8b4950fc12c774313db7e200880099dc9784f35e936149d2a9ad57d860,/Users/zuimeidedeyihan/CreativeArchive/图像设计/background-dark.png
8f7f75f4274745faa32e4abdba12de99f49b21df225f52f723b5c62043b0edca,/Users/zuimeidedeyihan/CreativeArchive/代码脚本/unevaluated.json
8f7f75f4274745faa32e4abdba12de99f49b21df225f52f723b5c62043b0edca,/Users/zuimeidedeyihan/CreativeArchive/代码脚本/20260313_195316_unevaluated.json
90b60c58fcb4097edbccbc0185d69ffc45e499fd5a40c6f530c74f9b129ef44b,/Users/zuimeidedeyihan/CreativeArchive/图像设计/20260313_195336_status-renamed.svg
90b60c58fcb4097edbccbc0185d69ffc45e499fd5a40c6f530c74f9b129ef44b,/Users/zuimeidedeyihan/CreativeArchive/图像设计/20260313_195325_status-renamed.svg
9420d58f84f127c0a98fbe8505da3c88861ee48618c56b2c47b739a3f1428cc0,/Users/zuimeidedeyihan/CreativeArchive/_待分类/fa2cc0ab9f0bec2b3365.ttf
9420d58f84f127c0a98fbe8505da3c88861ee48618c56b2c47b739a3f1428cc0,/Users/zuimeidedeyihan/CreativeArchive/_待分类/codicon.ttf
97479ca6cce906abc961ecac96faa5f9ca2e61b8e7670d475826bcdee9a7c267,/Users/zuimeidedeyihan/CreativeArchive/_待分类/KaTeX_Main-Italic-97479ca6.woff2
97479ca6cce906abc961ecac96faa5f9ca2e61b8e7670d475826bcdee9a7c267,/Users/zuimeidedeyihan/CreativeArchive/_待分类/KaTeX_Main-Italic.woff2
99cd42a3c072d918f2f44984a807cf7aa16e13545fd0875fc07c6c65f99e715b,/Users/zuimeidedeyihan/CreativeArchive/_待分类/KaTeX_Main-BoldItalic-99cd42a3.woff2
99cd42a3c072d918f2f44984a807cf7aa16e13545fd0875fc07c6c65f99e715b,/Users/zuimeidedeyihan/CreativeArchive/_待分类/KaTeX_Main-BoldItalic.woff2
a0d166c223d54e5d4b759b7546fcf01b9e2133c76e45b755f11faacaa8221720,/Users/zuimeidedeyihan/CreativeArchive/图像设计/20260313_195336_status-deleted.svg
a0d166c223d54e5d4b759b7546fcf01b9e2133c76e45b755f11faacaa8221720,/Users/zuimeidedeyihan/CreativeArchive/图像设计/20260313_195325_status-deleted.svg
a0e1dc906ce74dd4fea41637a3a29adfb94b4da1900d0b3aa9c196fcf7d722d9,/Users/zuimeidedeyihan/CreativeArchive/代码脚本/floating-ui.utils.dom.umd.js
a0e1dc906ce74dd4fea41637a3a29adfb94b4da1900d0b3aa9c196fcf7d722d9,/Users/zuimeidedeyihan/CreativeArchive/代码脚本/20260313_195312_floating-ui.utils.dom.umd.js
a4af7d414440a1c1790825cfb700cf9cf43b0f2c4b04f0ebc523011ad9853ec0,/Users/zuimeidedeyihan/CreativeArchive/_待分类/KaTeX_Size4-Regular.woff2
a4af7d414440a1c1790825cfb700cf9cf43b0f2c4b04f0ebc523011ad9853ec0,/Users/zuimeidedeyihan/CreativeArchive/_待分类/KaTeX_Size4-Regular-a4af7d41.woff2
a6df2fb8c4b89a8e76c9fbf7b0b9e5d26266c2014a6493f14800d7b4e184bd70,/Users/zuimeidedeyihan/CreativeArchive/图像设计/git.png
a6df2fb8c4b89a8e76c9fbf7b0b9e5d26266c2014a6493f14800d7b4e184bd70,/Users/zuimeidedeyihan/CreativeArchive/图像设计/20260313_195336_git.png
a8f41e8ccce2973eed318b80d46bca19373170d77081638abf8fb6b106b21f3d,/Users/zuimeidedeyihan/CreativeArchive/图像设计/20260313_195257_card-bg.svg
a8f41e8ccce2973eed318b80d46bca19373170d77081638abf8fb6b106b21f3d,/Users/zuimeidedeyihan/CreativeArchive/图像设计/card-bg.svg
a968d70f20ba9a588da55e833d2fee236ad691c4b107878636ea127b72db4543,/Users/zuimeidedeyihan/CreativeArchive/图像设计/20260313_195257_star-active.svg
a968d70f20ba9a588da55e833d2fee236ad691c4b107878636ea127b72db4543,/Users/zuimeidedeyihan/CreativeArchive/图像设计/star-active.svg
a9b6a00af20105009f0924cd7c02d811bbf70c579a96f1552579c3457111f687,/Users/zuimeidedeyihan/CreativeArchive/代码脚本/20260313_195316_json-schema-draft-06.json
a9b6a00af20105009f0924cd7c02d811bbf70c579a96f1552579c3457111f687,/Users/zuimeidedeyihan/CreativeArchive/代码脚本/json-schema-draft-06.json
af6befa7f4fa5f97ef1d1358de62e6dd8501e359dabc4660c6427ddc8f61ab6d,/Users/zuimeidedeyihan/CreativeArchive/_待分类/de39ed6d-9e95-46ed-aea0-604c2fb43c52_Export-347dff5f-8529-4f3a-8e56-13efaa9a0c65.zip
af6befa7f4fa5f97ef1d1358de62e6dd8501e359dabc4660c6427ddc8f61ab6d,/Users/zuimeidedeyihan/CreativeArchive/_待分类/de39ed6d-9e95-46ed-aea0-604c2fb43c52_Export-347dff5f-8529-4f3a-8e56-13efaa9a0c65 (1).zip
afe891c6ede2435dbc4fe66b5b135436c3c3004254b32ec35098745aa65e20d3,/Users/zuimeidedeyihan/CreativeArchive/图像设计/20260313_195333_agentActiveBarLogo.png
afe891c6ede2435dbc4fe66b5b135436c3c3004254b32ec35098745aa65e20d3,/Users/zuimeidedeyihan/CreativeArchive/图像设计/agentActiveBarLogo.png
b546c1bb184a626a70c095a518856b235456fe06591e44c3cbc6bd31cac06cdf,/Users/zuimeidedeyihan/CreativeArchive/代码脚本/applicationinsights-shims.js
b546c1bb184a626a70c095a518856b235456fe06591e44c3cbc6bd31cac06cdf,/Users/zuimeidedeyihan/CreativeArchive/代码脚本/applicationinsights-shims.min.js
b6bd4502ae774010841060de1370ad01de3e95f6d6856809c53bc501a9867cad,/Users/zuimeidedeyihan/CreativeArchive/图像设计/20260313_195257_star.svg
b6bd4502ae774010841060de1370ad01de3e95f6d6856809c53bc501a9867cad,/Users/zuimeidedeyihan/CreativeArchive/图像设计/star.svg
b7840b4f1526eee47ac19780906a436d0c39df2aa3d505388caf18864085a421,/Users/zuimeidedeyihan/CreativeArchive/代码脚本/20260313_195316_json-schema-secure.json
b7840b4f1526eee47ac19780906a436d0c39df2aa3d505388caf18864085a421,/Users/zuimeidedeyihan/CreativeArchive/代码脚本/json-schema-secure.json
b876db5bb66dbb9f6366ba9e5ef99bc1cb2bd96fbfa21f1e81eae3b88a6441aa,/Users/zuimeidedeyihan/CreativeArchive/图像设计/background.png
b876db5bb66dbb9f6366ba9e5ef99bc1cb2bd96fbfa21f1e81eae3b88a6441aa,/Users/zuimeidedeyihan/CreativeArchive/图像设计/20260313_195257_background.png
b8a86ffceb3f1224c2b75b29930215ea590464a257b27ae5d1c867fdae6ff601,/Users/zuimeidedeyihan/CreativeArchive/代码脚本/v35.js
b8a86ffceb3f1224c2b75b29930215ea590464a257b27ae5d1c867fdae6ff601,/Users/zuimeidedeyihan/CreativeArchive/代码脚本/20260313_195313_v35.js
bc4e412bb616c0ec2bd3a12da98bcd74872e4ca987376688f7a698fa91972e90,/Users/zuimeidedeyihan/CreativeArchive/_待分类/floating-ui.core.mjs
bc4e412bb616c0ec2bd3a12da98bcd74872e4ca987376688f7a698fa91972e90,/Users/zuimeidedeyihan/CreativeArchive/代码脚本/floating-ui.core.esm.js
c2342cd8b869e01752a9321dc17213fc40d4d04c79688c1d43f2cf316abd7866,/Users/zuimeidedeyihan/CreativeArchive/_待分类/KaTeX_Main-Regular-c2342cd8.woff2
c2342cd8b869e01752a9321dc17213fc40d4d04c79688c1d43f2cf316abd7866,/Users/zuimeidedeyihan/CreativeArchive/_待分类/KaTeX_Main-Regular.woff2
c240ac6b65acc9cb146ea7dc8a56956b943596cc7dc2aad1758a77c1a307b133,/Users/zuimeidedeyihan/CreativeArchive/图像设计/20260313_195257_letterpress-light.svg
c240ac6b65acc9cb146ea7dc8a56956b943596cc7dc2aad1758a77c1a307b133,/Users/zuimeidedeyihan/CreativeArchive/图像设计/letterpress-light.svg
c240ac6b65acc9cb146ea7dc8a56956b943596cc7dc2aad1758a77c1a307b133,/Users/zuimeidedeyihan/CreativeArchive/图像设计/20260313_195257_letterpress-hcLight.svg
c240ac6b65acc9cb146ea7dc8a56956b943596cc7dc2aad1758a77c1a307b133,/Users/zuimeidedeyihan/CreativeArchive/图像设计/letterpress-hcLight.svg
c3a5947992d4fe67c95cda7910911207376bbae41c0a124ec9e7e699172e7a49,/Users/zuimeidedeyihan/CreativeArchive/代码脚本/20260313_195316_core.json
c3a5947992d4fe67c95cda7910911207376bbae41c0a124ec9e7e699172e7a49,/Users/zuimeidedeyihan/CreativeArchive/代码脚本/20260313_195315_core.json
c3b16cb9f05fc0b73c61aa756a56a2e4840e1503304eb05ff579fac033007a8b,/Users/zuimeidedeyihan/CreativeArchive/_待分类/floating-ui.utils.dom.mjs
c3b16cb9f05fc0b73c61aa756a56a2e4840e1503304eb05ff579fac033007a8b,/Users/zuimeidedeyihan/CreativeArchive/代码脚本/20260313_195312_floating-ui.utils.dom.esm.js
c3b16cb9f05fc0b73c61aa756a56a2e4840e1503304eb05ff579fac033007a8b,/Users/zuimeidedeyihan/CreativeArchive/代码脚本/floating-ui.utils.dom.esm.js
cdf239dd1b98ac2c57608e8748adc1fa0e301ab42e2149066ab6e3278ab412db,/Users/zuimeidedeyihan/CreativeArchive/图像设计/git-clone-active.svg
cdf239dd1b98ac2c57608e8748adc1fa0e301ab42e2149066ab6e3278ab412db,/Users/zuimeidedeyihan/CreativeArchive/图像设计/20260313_195257_git-clone-active.svg
d02451fa396de7f9ec93cc6fb3b07aaa7be637acb3409a9ddebd1c2de9279c1a,/Users/zuimeidedeyihan/CreativeArchive/代码脚本/20260313_195313_iterator.js
d02451fa396de7f9ec93cc6fb3b07aaa7be637acb3409a9ddebd1c2de9279c1a,/Users/zuimeidedeyihan/CreativeArchive/代码脚本/20260313_195310_iterator.js
d02451fa396de7f9ec93cc6fb3b07aaa7be637acb3409a9ddebd1c2de9279c1a,/Users/zuimeidedeyihan/CreativeArchive/代码脚本/20260313_195309_iterator.js
d02451fa396de7f9ec93cc6fb3b07aaa7be637acb3409a9ddebd1c2de9279c1a,/Users/zuimeidedeyihan/CreativeArchive/代码脚本/iterator.js
d04c54219f9eaec6d4d4fd42dfb28785975a4794d6b2fc71e566b9cd6db842dd,/Users/zuimeidedeyihan/CreativeArchive/_待分类/KaTeX_Size2-Regular-d04c5421.woff2
d04c54219f9eaec6d4d4fd42dfb28785975a4794d6b2fc71e566b9cd6db842dd,/Users/zuimeidedeyihan/CreativeArchive/_待分类/KaTeX_Size2-Regular.woff2
d0d75a874343c3805f25655fbec5c2f971780c6ae86c66ba7396f57d1a852def,/Users/zuimeidedeyihan/CreativeArchive/图像设计/20260313_195319_loading-dark.svg
d0d75a874343c3805f25655fbec5c2f971780c6ae86c66ba7396f57d1a852def,/Users/zuimeidedeyihan/CreativeArchive/图像设计/loading-dark.svg
d15c31975f31b9abf6a195e70a3dca0843a9257cb51b49214cf7a9f4ed30fc5a,/Users/zuimeidedeyihan/CreativeArchive/代码脚本/20260313_195313_v5.js
d15c31975f31b9abf6a195e70a3dca0843a9257cb51b49214cf7a9f4ed30fc5a,/Users/zuimeidedeyihan/CreativeArchive/代码脚本/v5.js
d24ab8a97c18b3f5afdde7d7024a0e0ac1df0614a16a41cb88f81379edcc2db3,/Users/zuimeidedeyihan/CreativeArchive/代码脚本/20260313_195316_data.json
d24ab8a97c18b3f5afdde7d7024a0e0ac1df0614a16a41cb88f81379edcc2db3,/Users/zuimeidedeyihan/CreativeArchive/代码脚本/data.json
d3fc0dcd9b140e4d885a649a003cc81ab302cf5d77a99e15ff10ac9d04d69044,/Users/zuimeidedeyihan/CreativeArchive/图像设计/20260313_195336_status-type-changed.svg
d3fc0dcd9b140e4d885a649a003cc81ab302cf5d77a99e15ff10ac9d04d69044,/Users/zuimeidedeyihan/CreativeArchive/图像设计/status-type-changed.svg
d40fb8984118424acfc93183fb39013708b87913b3dd2a43918a0dbca7130b31,/Users/zuimeidedeyihan/CreativeArchive/文字创作/README.md
d40fb8984118424acfc93183fb39013708b87913b3dd2a43918a0dbca7130b31,/Users/zuimeidedeyihan/CreativeArchive/文字创作/20260313_195255_README.md
d79e9bc7d5a744f2302e26328d8c1e6dca4cb4d714d3097c69ccb2e04551532c,/Users/zuimeidedeyihan/CreativeArchive/图像设计/20260313_195326_icon.png
d79e9bc7d5a744f2302e26328d8c1e6dca4cb4d714d3097c69ccb2e04551532c,/Users/zuimeidedeyihan/CreativeArchive/图像设计/20260313_195333_icon.png
daadf958ab1e8d7e7b371b22d73539aa85f51a4d7970e502025e2100aecbf07b,/Users/zuimeidedeyihan/CreativeArchive/代码脚本/v4.js
daadf958ab1e8d7e7b371b22d73539aa85f51a4d7970e502025e2100aecbf07b,/Users/zuimeidedeyihan/CreativeArchive/代码脚本/20260313_195313_v4.js
dc47344dbb6cb5b655c8460d561f4df5f501b90c804ad3c6cec65fe322351ab1,/Users/zuimeidedeyihan/CreativeArchive/_待分类/KaTeX_Math-BoldItalic-dc47344d.woff2
dc47344dbb6cb5b655c8460d561f4df5f501b90c804ad3c6cec65fe322351ab1,/Users/zuimeidedeyihan/CreativeArchive/_待分类/KaTeX_Math-BoldItalic.woff2
dd0376320839eaab4124f03d94447b20e324d9eb19a7ec400dfbd01bc24bab47,/Users/zuimeidedeyihan/CreativeArchive/文字创作/20260313_195309_SECURITY.md
dd0376320839eaab4124f03d94447b20e324d9eb19a7ec400dfbd01bc24bab47,/Users/zuimeidedeyihan/CreativeArchive/文字创作/20260313_195308_SECURITY.md
de7701e42cf1f4cf0b766c03fb27977207eee2f4fd5d76fa82188406da43ea4c,/Users/zuimeidedeyihan/CreativeArchive/_待分类/KaTeX_Caligraphic-Bold.woff2
de7701e42cf1f4cf0b766c03fb27977207eee2f4fd5d76fa82188406da43ea4c,/Users/zuimeidedeyihan/CreativeArchive/_待分类/KaTeX_Caligraphic-Bold-de7701e4.woff2
e232c0453d8aa680d2963d574596cc8d1d4f6df26241f75bea184fcf44b0d639,/Users/zuimeidedeyihan/CreativeArchive/代码脚本/20260313_195300_tslint.json
e232c0453d8aa680d2963d574596cc8d1d4f6df26241f75bea184fcf44b0d639,/Users/zuimeidedeyihan/CreativeArchive/代码脚本/20260313_195310_tslint.json
e232c0453d8aa680d2963d574596cc8d1d4f6df26241f75bea184fcf44b0d639,/Users/zuimeidedeyihan/CreativeArchive/代码脚本/tslint.json
e232c0453d8aa680d2963d574596cc8d1d4f6df26241f75bea184fcf44b0d639,/Users/zuimeidedeyihan/CreativeArchive/代码脚本/20260313_195302_tslint.json
e3b0c44298fc1c149afbf4c8996fb92427ae41e4649b934ca495991b7852b855,/Users/zuimeidedeyihan/CreativeArchive/文字创作/20260313_195335_license.txt
e3b0c44298fc1c149afbf4c8996fb92427ae41e4649b934ca495991b7852b855,/Users/zuimeidedeyihan/CreativeArchive/_待分类/coverage.lcov
e3b0c44298fc1c149afbf4c8996fb92427ae41e4649b934ca495991b7852b855,/Users/zuimeidedeyihan/CreativeArchive/_待分类/.keep
e7f112c4bbe6153b8f124072ff1acb2aeb74834aae53becb06c91b64417eb4a7,/Users/zuimeidedeyihan/CreativeArchive/图像设计/20260313_195325_status-added.svg
e7f112c4bbe6153b8f124072ff1acb2aeb74834aae53becb06c91b64417eb4a7,/Users/zuimeidedeyihan/CreativeArchive/图像设计/20260313_195336_status-added.svg
e86b1c8ab750f3f6c7601ddaa73476b90520e0eaf07f5e67c702fba9bbc57d66,/Users/zuimeidedeyihan/CreativeArchive/图像设计/preview-light.svg
e86b1c8ab750f3f6c7601ddaa73476b90520e0eaf07f5e67c702fba9bbc57d66,/Users/zuimeidedeyihan/CreativeArchive/图像设计/20260313_195326_preview-light.svg
e941999dfc8e6150665480f07eb1a2b55593eda8f0835dded52fd630c89ea9f6,/Users/zuimeidedeyihan/CreativeArchive/_待分类/cpp.code-snippets
e941999dfc8e6150665480f07eb1a2b55593eda8f0835dded52fd630c89ea9f6,/Users/zuimeidedeyihan/CreativeArchive/_待分类/c.code-snippets
e99ae51144bf1232efcc1bfe5add36262c6866b0faab24fa75740e1b98577a62,/Users/zuimeidedeyihan/CreativeArchive/_待分类/KaTeX_SansSerif-Bold.woff2
e99ae51144bf1232efcc1bfe5add36262c6866b0faab24fa75740e1b98577a62,/Users/zuimeidedeyihan/CreativeArchive/_待分类/KaTeX_SansSerif-Bold-e99ae511.woff2
eb008c756b29bdaa237c1f06d32ea4a21f6ef22148b03c6372cea5e4c0782273,/Users/zuimeidedeyihan/CreativeArchive/代码脚本/20260313_195316_meta-data.json
eb008c756b29bdaa237c1f06d32ea4a21f6ef22148b03c6372cea5e4c0782273,/Users/zuimeidedeyihan/CreativeArchive/代码脚本/20260313_195315_meta-data.json
ef25f4bffc35dde7e4b48c9eb24f0791d9a1731409fb97e52810dc798bffda6e,/Users/zuimeidedeyihan/CreativeArchive/代码脚本/git-rebase.language-configuration.json
ef25f4bffc35dde7e4b48c9eb24f0791d9a1731409fb97e52810dc798bffda6e,/Users/zuimeidedeyihan/CreativeArchive/代码脚本/git-commit.language-configuration.json
f06fd8a491eee384d44c253bf1e5611fa4b79be723625bf64f787b1281326edb,/Users/zuimeidedeyihan/CreativeArchive/图像设计/loading-hc.svg
f06fd8a491eee384d44c253bf1e5611fa4b79be723625bf64f787b1281326edb,/Users/zuimeidedeyihan/CreativeArchive/图像设计/20260313_195319_loading-hc.svg
f1dc28186023df94c6fbca0ddac3a2187b36e8712a6c58888d0c2bb9ae6ec75b,/Users/zuimeidedeyihan/CreativeArchive/图像设计/20260313_195325_status-modified.svg
f1dc28186023df94c6fbca0ddac3a2187b36e8712a6c58888d0c2bb9ae6ec75b,/Users/zuimeidedeyihan/CreativeArchive/图像设计/20260313_195336_status-modified.svg
f1e465ff0c0cc86bee5c0cc4b51d2734c532e6ea12c75b60a2ac093a4577b2d4,/Users/zuimeidedeyihan/CreativeArchive/代码脚本/20260313_195316_applicator.json
f1e465ff0c0cc86bee5c0cc4b51d2734c532e6ea12c75b60a2ac093a4577b2d4,/Users/zuimeidedeyihan/CreativeArchive/代码脚本/20260313_195315_applicator.json
f7e8b13cad4fecff9771f3626fef33e20e59027b90938a28fd9d2f6c17cd0773,/Users/zuimeidedeyihan/CreativeArchive/代码脚本/json-schema-draft-07.json
f7e8b13cad4fecff9771f3626fef33e20e59027b90938a28fd9d2f6c17cd0773,/Users/zuimeidedeyihan/CreativeArchive/代码脚本/20260313_195316_json-schema-draft-07.json
fb298b44513179bad0da03e1212f2df973d4d96364cf16bdd83b82029e64a305,/Users/zuimeidedeyihan/CreativeArchive/图像设计/20260313_195257_letterpress-dark.svg
fb298b44513179bad0da03e1212f2df973d4d96364cf16bdd83b82029e64a305,/Users/zuimeidedeyihan/CreativeArchive/图像设计/20260313_195257_letterpress-hcDark.svg
fb298b44513179bad0da03e1212f2df973d4d96364cf16bdd83b82029e64a305,/Users/zuimeidedeyihan/CreativeArchive/图像设计/letterpress-dark.svg
fb298b44513179bad0da03e1212f2df973d4d96364cf16bdd83b82029e64a305,/Users/zuimeidedeyihan/CreativeArchive/图像设计/letterpress-hcDark.svg
fb44b6fa313d14b5afd30671079d00542fdbceaa5ca04d877e8cc9392747191a,/Users/zuimeidedeyihan/CreativeArchive/文字创作/jsonClientMain.js.LICENSE.txt
fb44b6fa313d14b5afd30671079d00542fdbceaa5ca04d877e8cc9392747191a,/Users/zuimeidedeyihan/CreativeArchive/文字创作/htmlClientMain.js.LICENSE.txt
fb44b6fa313d14b5afd30671079d00542fdbceaa5ca04d877e8cc9392747191a,/Users/zuimeidedeyihan/CreativeArchive/文字创作/20260313_195321_extension.js.LICENSE.txt
fb44b6fa313d14b5afd30671079d00542fdbceaa5ca04d877e8cc9392747191a,/Users/zuimeidedeyihan/CreativeArchive/文字创作/20260313_195326_extension.js.LICENSE.txt
fb44b6fa313d14b5afd30671079d00542fdbceaa5ca04d877e8cc9392747191a,/Users/zuimeidedeyihan/CreativeArchive/文字创作/mergeConflictMain.js.LICENSE.txt
