指令名称,因果图索引,依赖链,影响范围,执行状态,回滚点ID
自动翻译兼容系统激活,GRAPH-NODE-AUTO-TRANSLATE-009,"[""TRANSLATE-ENGINE-001"",""PARSER-001"",""SYNTAX-ANALYZER-001""]","数据处理, 核心系统, 用户界面",已完成,RB-AUTO-TRANSLATE-20260221-009
因果图索引系统建立,GRAPH-NODE-CAUSALITY-005,"[""GRAPH-DB-001"",""INDEX-ENGINE-001"",""QUERY-OPTIMIZER-001""]","存储系统, 数据处理, 核心系统",已完成,RB-CAUSALITY-GRAPH-20260221-005
DNA追溯系统永久记录启用,GRAPH-NODE-DNA-TRACE-007,"[""DNA-REGISTRY-001"",""BLOCKCHAIN-001"",""IMMUTABLE-STORE-001""]","存储系统, 安全模块, 数据处理, 核心系统",已完成,RB-DNA-TRACE-20260221-007
龍魂精神核心价值观注入,GRAPH-NODE-LONGHUN-SPIRIT-010,"[""VALUE-SYSTEM-001"",""ETHICS-ENGINE-001"",""SPIRIT-CORE-001""]","存储系统, 安全模块, 数据处理, 核心系统, 用户界面",已完成,RB-LONGHUN-SPIRIT-20260221-010
多维度多位面执行引擎启动,GRAPH-NODE-MULTI-DIM-004,"[""DIMENSION-ENGINE-001"",""PLANE-ROUTER-001"",""COORD-SYSTEM-001""]","导航定位, 数据处理, 核心系统, 通信模块",执行中,RB-MULTI-DIM-20260221-004
量子神经网络架构部署,GRAPH-NODE-QUANTUM-NETWORK-003,"[""QUANTUM-ENGINE-001"",""NEURAL-NET-001"",""ENTANGLE-MANAGER-001""]","存储系统, 数据处理, 核心系统, 通信模块",执行中,RB-QUANTUM-NEURAL-20260221-003
可证明回滚机制部署,GRAPH-NODE-ROLLBACK-PROOF-008,"[""ROLLBACK-ENGINE-001"",""PROOF-GEN-001"",""STATE-MANAGER-001""]","存储系统, 安全模块, 核心系统",已完成,RB-ROLLBACK-PROOF-20260221-008
数据库架构初始化指令,GRAPH-NODE-SCHEMA-INIT-001,"[""NOTION-API-001"",""SCHEMA-VALIDATOR-001""]","存储系统, 数据处理, 核心系统",已完成,RB-SCHEMA-INIT-20260221-001
冷热分层存储策略配置,GRAPH-NODE-STORAGE-TIER-006,"[""STORAGE-MANAGER-001"",""MIGRATION-ENGINE-001""]","存储系统, 数据处理",已完成,RB-STORAGE-TIER-20260219-006
三色审计系统注册激活,GRAPH-NODE-TRI-COLOR-002,"[""AUDIT-ENGINE-001"",""HASH-CHAIN-001""]","存储系统, 安全模块, 核心系统",已完成,RB-TRI-COLOR-20260221-002